Дата регистрации,Регистраций в этот день
2013-07-28,739
2012-12-30,1622
2014-12-22,1969
2014-11-16,816
2012-05-13,1981
2013-11-19,1246
2014-10-26,1545
2012-07-12,1240
2014-02-15,1755
2014-11-10,1281
2013-06-04,1867
2012-12-07,1495
2013-08-22,1827
2012-05-28,1058
2014-12-28,1064
2012-12-13,821
2012-06-21,1602
2012-10-15,981
2012-06-03,2048
2013-03-14,106
2012-12-10,1536
2014-01-01,309
2014-06-10,1170
2015-01-22,1922
2015-02-09,1041
2014-10-13,1435
2012-06-10,1377
2014-08-21,1054
2013-10-04,888
2014-08-17,766
2013-08-21,1867
2014-10-24,1530
2013-06-21,117
2013-10-13,1709
2013-12-12,249
2013-03-13,154
2013-07-19,1441
2013-04-01,448
2013-01-19,1193
2014-03-08,536
2014-01-18,1154
2014-10-12,1229
2014-05-27,1591
2013-11-14,1625
2012-10-10,1537
2014-11-08,1635
2013-02-26,213
2015-02-23,738
2014-04-22,1761
2013-09-20,774
2014-04-10,1861
2012-08-10,1093
2014-12-06,1297
2012-05-19,859
2014-06-03,2027
2013-08-29,1840
2014-09-16,1823
2012-08-03,1483
2014-01-13,2048
2014-06-15,591
2013-11-01,1625
2014-04-21,410
2012-09-20,764
2013-05-10,452
2014-02-26,510
2015-03-15,848
2014-11-01,673
2015-03-02,1556
2013-04-11,1206
2014-03-31,1235
2014-10-31,587
2013-12-21,1091
2013-07-11,1273
2012-04-29,1518
2014-04-01,788
2012-06-24,1834
2013-06-11,1705
2014-05-07,1937
2012-09-09,686
2014-01-04,1181
2013-04-26,842
2013-05-19,300
2013-09-06,975
2015-03-03,676
2013-09-13,1770
2012-05-07,1773
2013-05-01,286
2013-10-01,2049
2014-02-02,230
2014-07-10,1155
2014-05-02,349
2014-09-24,1739
2014-11-12,2028
2013-03-19,1660
2013-08-11,1642
2012-06-22,1931
2013-06-17,1732
2012-06-26,201
2012-07-13,1555
2013-03-28,2086
2012-11-15,2089
2013-11-09,1169
2013-12-13,1040
2013-04-08,970
2013-01-06,1923
2014-12-18,713
2012-08-24,1770
2013-06-10,1187
2013-10-16,544
2014-04-29,1526
2015-02-17,1797
2013-06-22,212
2013-05-27,758
2014-08-28,121
2014-01-27,1703
2014-04-03,1918
2012-04-16,1766
2014-11-22,616
2012-04-04,1262
2015-03-13,612
2014-09-18,2076
2014-08-11,1013
2013-08-30,592
2012-08-15,1562
2012-12-12,907
2013-04-14,1979
2012-09-12,1814
2014-09-05,2030
2013-10-31,1595
2013-07-25,131
2015-03-21,1207
2012-11-27,806
2012-04-05,902
2015-03-11,1812
2014-11-11,1875
2012-06-28,233
2013-10-22,917
2014-12-27,1375
2012-08-21,851
2013-10-18,746
2014-03-09,1467
2014-09-17,1975
2014-03-01,857
2014-09-23,1894
2013-03-05,1021
2013-11-26,800
2012-08-11,357
2013-11-04,1882
2013-02-28,2099
2013-03-10,970
2013-04-22,264
2015-02-24,1592
2013-10-29,1172
2013-12-11,1619
2013-04-18,1089
2014-05-19,1121
2012-08-04,1076
2012-04-10,930
2013-05-24,591
2014-01-14,811
2015-03-01,1912
2014-05-15,1200
2013-12-10,1942
2014-11-25,778
2013-05-14,458
2013-02-23,727
2013-04-04,374
2012-08-30,945
2012-10-11,2068
2014-09-12,2067
2014-02-23,343
2012-04-09,1572
2015-02-11,1085
2012-10-04,818
2012-04-14,1180
2014-08-05,290
2012-04-15,1745
2015-01-06,900
2015-03-26,1270
2012-12-19,1629
2013-09-05,1580
2014-07-02,337
2012-10-03,608
2015-03-25,1070
2014-07-26,1331
2012-09-07,1537
2014-03-28,153
2012-11-05,1480
2013-10-05,1347
2012-04-03,2074
2014-12-14,1287
2013-09-10,337
2014-05-28,495
2012-06-18,1971
2013-07-18,2071
2015-01-25,1066
2014-12-09,1569
2012-09-30,1476
2015-01-02,1879
2013-07-13,1167
2012-10-29,1188
2012-12-15,1370
2014-04-28,557
2014-02-17,729
2012-08-26,212
2014-03-13,1645
2013-10-26,2077
2014-02-04,1461
2014-11-02,640
2013-07-21,982
2014-08-01,694
2013-12-29,222
2014-05-04,1024
2014-07-20,339
2014-09-21,1604
2015-03-06,1051
2014-02-11,375
2014-01-06,1328
2014-02-12,2096
2013-11-24,1701
2014-01-25,532
2014-11-29,975
2013-04-28,1214
2012-12-31,670
2013-05-17,1157
2012-05-11,1005
2012-09-13,1908
2012-06-16,730
2014-03-15,1047
2012-09-23,1622
2014-01-07,1694
2014-03-14,961
2014-05-29,2090
2013-06-19,1789
2013-05-28,1808
2013-08-31,1279
2012-09-16,1759
2013-02-15,2010
2013-02-27,862
2015-01-14,1471
2013-06-05,1521
2013-08-18,1610
2015-03-17,1002
2013-09-24,724
2012-04-18,1241
2012-09-27,520
2013-08-06,575
2014-11-15,1755
2014-07-03,2088
2013-06-20,1555
2013-04-02,1231
2013-07-06,846
2014-09-09,1445
2013-06-12,1194
2012-08-02,1684
2014-01-26,1873
2014-10-04,1710
2013-04-13,867
2012-05-22,1775
2012-06-23,835
2012-05-16,1706
2012-09-10,728
2014-11-30,1130
2012-11-04,391
2014-09-11,586
2014-09-15,1945
2013-04-25,406
2013-12-16,285
2013-01-12,240
2013-07-26,1475
2012-04-22,846
2014-08-30,382
2014-01-15,199
2012-07-29,1346
2014-10-18,486
2015-01-27,197
2012-11-28,1044
2013-12-05,442
2013-07-17,804
2014-07-06,926
2015-02-16,311
2013-03-17,780
2013-11-17,1871
2013-12-24,1978
2014-05-09,897
2014-10-22,295
2012-11-08,2010
2014-01-12,2007
2014-10-29,1966
2014-04-16,117
2014-09-27,1955
2012-05-04,442
2013-02-20,357
2013-09-22,356
2012-10-05,1701
2014-03-27,1518
2013-06-25,489
2013-05-16,381
2013-11-30,675
2013-08-12,808
2014-09-01,766
2014-11-27,1602
2013-01-30,1342
2012-12-28,256
2015-03-24,487
2013-02-08,752
2014-05-26,1459
2012-08-16,1703
2012-05-01,1247
2015-01-28,1767
2012-04-20,1634
2013-06-07,925
2014-06-26,847
2012-08-07,1567
2012-04-27,327
2015-02-10,159
2013-08-16,1701
2013-07-07,1840
2013-02-14,1705
2014-09-14,1136
2012-10-07,1738
2012-11-06,1320
2015-02-06,789
2012-04-19,614
2014-05-16,1814
2014-12-03,2069
2015-02-13,117
2013-06-03,406
2012-08-31,1611
2014-03-21,1759
2013-04-12,897
2014-07-09,1913
2012-10-12,2051
2012-10-16,1955
2012-11-01,1763
2013-04-10,1156
2013-08-27,197
2012-12-03,391
2013-11-25,234
2013-11-22,306
2013-12-02,660
2013-12-28,1757
2014-02-27,366
2012-12-18,1717
2013-01-08,1708
2015-03-31,477
2014-12-31,913
2014-06-07,452
2013-11-10,769
2012-08-22,1391
2014-01-21,1481
2014-03-02,1323
2013-09-08,839
2014-06-23,1036
2013-12-31,581
2012-12-05,413
2014-09-22,888
2012-08-28,1428
2014-05-23,293
2012-09-02,1116
2014-07-11,1775
2013-08-25,342
2015-01-29,1415
2012-09-11,660
2012-12-27,907
2013-09-18,2095
2014-10-02,1122
2013-01-25,1144
2013-06-26,1142
2013-02-10,825
2013-08-20,1122
2014-06-09,1068
2014-06-02,2098
2014-08-14,276
2012-11-25,314
2013-05-15,1362
2014-07-12,108
2015-03-20,2073
2014-10-05,1941
2014-04-02,1919
2012-10-31,615
2013-07-23,511
2012-05-14,1270
2013-11-05,629
2013-08-26,1081
2013-07-22,1829
2014-06-27,1644
2012-08-27,903
2014-11-05,392
2014-12-08,1997
2013-05-21,1341
2013-05-20,1712
2015-02-12,763
2012-10-19,992
2014-05-24,531
2014-07-07,113
2014-01-17,146
2014-03-07,1585
2013-10-28,1030
2014-12-15,284
2013-12-22,1134
2013-10-08,618
2014-01-19,436
2012-08-01,1051
2014-04-12,372
2014-04-13,785
2014-11-26,789
2014-05-03,1924
2014-01-10,458
2014-08-29,918
2015-01-08,1723
2014-08-07,1624
2014-02-13,370
2014-12-16,762
2014-05-11,125
2014-10-21,1117
2012-11-20,277
2012-05-18,261
2014-12-23,288
2013-07-01,1145
2013-02-24,1139
2012-12-01,1337
2012-04-23,573
2014-03-05,255
2015-02-25,418
2014-12-12,172
2014-04-18,557
2013-09-16,1334
2014-04-06,580
2014-05-13,1988
2014-04-24,700
2014-04-26,636
2014-08-22,1987
2013-05-13,331
2012-09-19,489
2013-01-18,1317
2014-06-08,295
2013-03-07,848
2013-09-03,1105
2014-10-19,1464
2012-11-16,371
2012-04-08,1574
2013-05-29,572
2013-11-02,627
2014-12-25,688
2013-03-03,1707
2013-02-09,1418
2014-08-23,870
2013-09-15,239
2012-10-17,895
2014-11-23,828
2012-10-13,202
2012-09-17,1942
2014-10-28,1013
2013-09-14,1301
2012-10-24,809
2014-04-09,542
2015-02-20,444
2013-11-13,1807
2012-05-25,1386
2012-05-27,1023
2013-12-18,866
2013-04-30,1445
2013-10-03,275
2014-01-23,1511
2014-12-19,526
2012-05-24,1593
2012-10-28,930
2014-05-20,680
2014-12-11,2026
2013-01-14,574
2014-11-13,2047
2014-04-04,1759
2014-08-02,603
2013-09-30,801
2015-01-11,1992
2014-07-17,439
2014-12-05,909
2013-06-16,443
2012-12-21,1890
2012-05-31,780
2015-01-24,293
2012-04-25,1575
2012-05-05,1136
2013-12-08,1612
2013-12-06,585
2013-02-19,838
2014-11-21,1435
2014-09-07,948
2014-07-05,371
2013-06-24,593
2013-05-11,1330
2012-10-01,287
2014-02-16,1782
2013-07-08,577
2015-01-16,1232
2013-01-31,1521
2014-05-12,1767
2012-07-23,2062
2014-12-02,951
2012-05-09,338
2013-07-27,1883
2014-09-28,708
2014-01-03,1733
2013-11-18,135
2014-01-02,569
2012-12-14,721
2014-03-22,782
2014-11-17,418
2013-04-06,1929
2014-09-25,511
2014-06-16,299
2012-10-27,1711
2012-07-14,1018
2015-02-19,842
2013-07-14,1010
2013-03-15,962
2015-01-04,1617
2014-06-17,497
2013-01-26,197
2013-06-01,1448
2012-06-04,516
2012-05-21,1226
2012-09-21,230
2014-08-13,1184
2014-05-14,297
2014-07-31,1409
2012-04-01,1599
2014-08-03,1828
2013-10-20,616
2014-09-30,206
2012-05-26,444
2013-03-21,2083
2014-11-07,1980
2013-12-14,220
2012-07-07,586
2013-05-18,1612
2012-04-17,2032
2012-11-10,646
2013-03-08,2058
2014-08-06,1437
2013-02-22,331
2013-08-14,935
2013-05-31,141
2015-02-07,846
2012-08-13,1632
2012-11-18,942
2013-01-15,887
2014-05-21,805
2012-07-08,1670
2013-10-12,1590
2015-02-21,1156
2012-09-03,1855
2013-02-21,1440
2014-04-15,2020
2014-09-20,1149
2014-10-07,527
2014-05-06,1976
2012-06-20,1253
2012-09-05,1431
2012-09-14,244
2013-07-12,1636
2015-03-23,339
2012-09-04,470
2013-10-23,727
2013-10-09,1881
2013-05-22,1022
2012-06-12,767
2014-07-21,1902
2014-02-28,1557
2012-12-06,888
2015-03-09,884
2013-05-23,307
2014-07-01,1676
2013-07-16,1027
2015-03-12,1477
2013-09-11,1998
2012-08-23,698
2012-06-13,187
2014-06-20,1828
2013-12-04,1953
2012-12-26,308
2014-01-28,1429
2014-08-25,376
2014-10-14,1981
2014-04-14,1706
2014-06-24,1288
2014-10-01,1147
2012-11-26,1129
2012-11-22,379
2013-01-21,1421
2013-07-30,788
2012-07-26,583
2013-04-19,1388
2014-03-11,774
2013-04-20,2093
2014-03-26,1082
2014-03-04,1147
2014-12-13,227
2014-02-19,2041
2012-10-09,818
2012-06-14,1706
2014-03-06,1759
2014-02-25,322
2012-06-15,1842
2014-04-11,1528
2015-02-26,100
2013-05-07,370
2014-09-08,978
2012-04-30,777
2014-02-06,889
2013-01-27,897
2012-05-06,1218
2014-05-01,1093
2013-03-27,1328
2012-07-09,1919
2013-03-16,1639
2014-02-05,1877
2013-05-25,1341
2013-02-04,1289
2013-08-10,1801
2014-09-26,1070
2013-04-15,1227
2013-12-26,1733
2013-03-26,757
2013-01-24,436
2013-07-20,1822
2012-05-15,374
2012-04-21,1962
2012-07-16,1342
2015-03-29,1147
2015-02-05,768
2013-12-27,171
2015-01-18,1040
2014-10-09,1572
2013-12-01,1433
2012-11-30,854
2013-11-27,1449
2012-07-30,1467
2014-12-20,883
2013-07-09,1599
2013-02-05,434
2013-04-17,1361
2013-05-08,1156
2015-02-02,1414
2013-09-02,1588
2013-03-06,598
2012-05-30,1846
2012-07-25,641
2012-04-11,516
2015-01-23,492
2014-12-21,637
2014-03-23,1356
2013-08-08,1611
2013-02-17,1983
2013-03-11,329
2014-01-09,279
2012-08-19,1341
2014-07-28,1796
2015-01-15,376
2013-09-07,177
2013-11-16,2027
2012-09-15,1095
2014-03-20,912
2014-04-08,1775
2014-12-17,123
2013-07-10,639
2015-01-05,1282
2012-06-27,156
2013-10-14,1001
2013-03-01,440
2013-07-03,1079
2013-02-18,1673
2014-08-26,229
2012-06-19,1916
2014-08-10,1767
2013-08-01,1352
2013-11-07,1355
2012-12-29,552
2012-11-17,222
2013-10-11,800
2014-11-14,184
2012-09-22,1053
2014-09-19,252
2013-09-23,607
2012-08-29,1575
2013-08-04,1001
2014-06-25,639
2015-03-19,1260
2013-07-05,767
2012-05-20,1010
2013-11-15,1162
2014-07-18,542
2014-05-25,766
2015-02-22,1384
2013-06-28,534
2013-12-09,1442
2012-07-06,1517
2012-08-20,1274
2012-07-20,930
2014-08-16,560
2013-03-30,1747
2013-02-03,331
2014-07-04,1018
2014-10-06,1014
2012-07-11,726
2013-01-22,866
2014-12-26,1494
2012-06-09,1846
2014-04-30,1956
2012-05-23,703
2013-02-07,1107
2014-11-03,1928
2013-12-25,1444
2014-10-08,1338
2015-03-18,1198
2014-10-20,366
2013-02-12,494
2013-11-11,1593
2014-01-29,725
2012-12-16,1413
2012-09-01,976
2013-10-06,1774
2014-10-30,1795
2012-09-26,1868
2012-07-02,1120
2012-08-17,1325
2015-02-28,1699
2013-10-30,984
2013-06-02,1785
2013-01-23,1787
2015-02-18,1440
2012-09-29,878
2015-02-08,1249
2015-01-17,453
2012-11-11,775
2012-12-02,1434
2014-03-19,488
2013-07-02,523
2014-04-05,1698
2012-11-29,1708
2012-07-19,954
2012-06-05,1763
2013-05-09,566
2014-09-13,1837
2012-04-28,860
2013-03-23,1759
2014-12-24,537
2013-11-23,1447
2012-08-18,1960
2014-06-13,1073
2012-10-02,648
2014-03-30,552
2012-06-17,831
2014-07-29,402
2013-01-01,1336
2013-09-25,967
2014-10-27,752
2012-11-09,232
2013-01-04,467
2012-05-02,214
2013-02-13,1489
2013-07-04,493
2013-09-17,1874
2014-06-21,1923
2013-12-07,1070
2013-01-05,119
2012-04-07,382
2013-04-24,744
2012-09-25,2076
2012-12-20,1201
2014-11-09,1341
2012-04-24,1749
2015-02-01,1911
2014-09-29,1645
2013-11-29,660
2013-02-06,341
2015-02-14,992
2012-07-24,328
2014-02-14,1332
2014-09-03,660
2013-08-05,1526
2013-03-31,753
2012-07-22,473
2012-10-18,487
2012-06-29,793
2012-04-26,1207
2014-06-28,848
2013-10-02,754
2014-03-29,925
2013-11-08,1416
2012-12-22,902
2014-03-12,945
2014-07-24,1191
2012-04-12,1703
2012-11-12,1295
2014-10-10,708
2013-05-02,773
2013-03-29,640
2015-03-04,1931
2014-02-22,758
2014-03-10,2053
2013-09-27,1210
2014-11-24,1487
2012-09-18,783
2013-05-26,390
2012-10-14,1460
2013-06-27,1451
2014-01-24,1252
2012-07-28,404
2014-05-22,1757
2013-10-17,645
2015-02-27,819
2014-11-06,755
2012-12-04,1944
2012-11-21,261
2013-03-20,1033
2014-06-01,1426
2013-12-23,700
2014-06-04,1393
2015-03-14,1739
2013-11-06,1702
2014-01-11,191
2013-03-25,1066
2015-04-04,989
2015-03-10,1454
2012-09-28,1730
2012-04-13,775
2013-06-23,1445
2015-03-05,1919
2014-01-05,1330
2013-01-28,1474
2015-01-19,1288
2012-07-01,982
2015-04-02,875
2013-08-13,1199
2015-01-13,1623
2013-02-02,1954
2013-12-03,523
2013-03-04,1003
2013-04-21,382
2014-07-27,1759
2012-05-08,1959
2012-11-24,1538
2012-12-24,737
2014-06-29,1210
2014-11-18,1961
2014-02-24,2076
2013-03-02,2001
2014-07-16,1291
2012-12-08,595
2012-11-03,2035
2013-10-15,1036
2015-03-28,1944
2014-08-12,1869
2013-04-27,1021
2014-08-19,158
2012-07-04,841
2014-04-27,886
2013-09-12,1347
2013-10-19,1547
2014-06-05,2072
2013-04-07,1701
2013-05-30,1074
2014-08-08,147
2013-04-16,1425
2015-01-20,478
2012-12-17,1537
2012-06-06,1080
2012-10-08,175
2013-03-24,144
2013-09-28,1377
2013-08-15,1544
2012-07-21,1319
2013-01-16,1548
2013-06-29,1075
2013-09-26,1225
2012-07-18,451
2014-01-31,114
2014-09-04,1978
2013-03-22,1204
2012-10-23,952
2014-12-07,1803
2013-04-23,1836
2013-12-30,1356
2013-06-15,1814
2013-10-24,1762
2012-09-24,830
2012-07-10,275
2014-01-22,1913
2015-02-03,1484
2013-09-01,104
2013-06-18,1625
2015-01-26,793
2014-05-31,475
2013-04-29,794
2014-12-29,1147
2013-03-09,1944
2014-03-18,360
2013-07-29,1566
2014-01-20,1967
2014-11-04,586
2014-09-02,1637
2013-09-19,637
2013-03-18,570
2013-04-05,1945
2014-04-25,734
2012-04-02,317
2014-02-01,1097
2013-01-17,2043
2014-01-30,1718
2014-10-03,2031
2012-11-14,454
2015-02-15,971
2013-11-28,438
2013-08-03,1858
2014-02-07,1513
2013-09-21,675
2012-10-25,1183
2012-05-10,556
2014-05-17,1123
2014-09-10,1235
2012-10-26,1836
2013-04-09,2097
2015-01-03,493
2014-07-23,1646
2014-04-23,1536
2012-04-06,697
2012-08-09,101
2012-05-29,1103
2014-05-30,825
2014-01-08,346
2013-05-06,1097
2015-02-04,778
2015-04-05,314
2014-05-05,845
2013-06-14,1212
2014-07-13,102
2015-01-21,1831
2013-08-07,327
2015-03-16,1175
2012-11-19,1548
2012-05-03,2083
2015-03-27,298
2014-12-01,1564
2013-01-11,1911
2014-03-17,811
2012-06-02,1164
2012-07-17,319
2013-10-10,2089
2014-11-19,1444
2014-03-03,261
2014-10-16,544
2013-06-13,1367
2014-10-15,256
2012-05-12,389
2014-10-23,963
2015-01-10,193
2014-05-10,2025
2012-06-01,843
2014-05-08,820
2013-12-17,1464
2012-07-15,185
2014-08-04,942
2014-12-30,1282
2013-04-03,305
2013-09-29,1487
2013-01-03,2062
2012-11-02,1344
2013-03-12,351
2015-03-07,1151
2014-05-18,167
2015-01-12,241
2014-10-17,527
2012-07-03,524
2013-02-11,841
2012-10-06,347
2014-06-14,333
2013-05-03,1236
2013-07-15,815
2015-01-30,587
2014-04-19,1619
2012-11-13,1858
2015-03-30,2007
2014-08-31,340
2014-08-24,873
2013-01-09,1055
2014-07-22,2044
2012-08-12,1848
2012-11-07,1996
2014-01-16,1244
2013-12-20,1297
2013-02-16,1119
2013-01-20,1588
2014-10-11,753
2012-10-21,416
2012-07-05,1335
2013-06-08,728
2012-12-11,470
2013-08-09,353
2014-02-08,758
2012-06-07,1254
2014-02-03,1006
2014-02-09,901
2013-11-20,1137
2013-01-29,544
2013-10-27,351
2013-09-09,1722
2012-10-20,614
2014-08-20,801
2012-12-25,2024
2012-08-05,1876
2013-08-17,1128
2015-01-01,827
2013-01-10,1737
2012-07-31,1857
2014-07-19,324
2014-08-27,315
2013-05-05,545
2013-08-23,122
2013-11-03,1960
2013-05-04,618
2013-10-07,708
2012-06-30,121
2012-09-06,808
2012-07-27,2040
2012-08-14,840
2014-04-20,1829
2014-03-16,2068
2014-06-22,1612
2014-02-21,574
2012-08-25,1779
2014-04-17,1266
2013-10-21,1375
2014-02-18,1710
2013-11-21,1590
2014-09-06,767
2013-12-19,1162
2012-08-08,878
2013-07-24,1003
2014-12-04,178
2014-02-10,1876
2014-11-28,1489
2012-08-06,1408
2013-01-13,755
2012-10-30,1276
2013-08-24,394
2014-06-11,1874
2013-05-12,309
2012-12-23,255
2014-02-20,1040
2013-08-28,1688
2014-11-20,111
2014-04-07,1621
2014-07-30,1127
2014-06-30,1377
2014-06-12,1701
2014-12-10,1380
2014-08-18,760
2013-10-25,245
2015-01-31,293
2015-04-03,517
2013-08-02,1112
2014-08-09,402
2015-03-22,680
2013-02-25,1276
2012-12-09,1575
2014-03-24,1298
2015-04-01,1643
2015-01-09,1941
2014-08-15,1418
2014-06-06,749
2014-03-25,853
2013-06-09,122
2013-12-15,1943
2014-06-18,473
